obj_id,type
ZTF18aakpnyt,AGN
ZTF18aclgopa,AGN
ZTF18adjoimi,AGN
ZTF18aamyexb,AGN
ZTF18adbabtq,AGN
ZTF20aakwpsf,AGN
ZTF18aavohdq,AGN
ZTF19acgpwkz,AGN
ZTF20aalytmd,AGN
ZTF19aaxzdtw,SN Ic
ZTF18abvnsmh,AGN
ZTF19abekmfr,AGN
ZTF19aalbaff,AGN
ZTF18aaxjuwy,SN IIn
ZTF18acnbptb,SN IIP
ZTF22aabomyi,SN IIn
ZTF18aaqlksk,AGN
ZTF18abqarng,AGN
ZTF18aakfabl,SN IIP
ZTF19aanbpus,SN IIb
ZTF20acwofhd,SN Ic
ZTF18abtmnrx,AGN
ZTF22aazuuin,SN IIb
ZTF24aarxxmm,SN II
ZTF18abuwcul,AGN
ZTF21abebgfr,SN IIn
ZTF18aamxzjx,AGN
ZTF21aaaosoq,SN Ic
ZTF19aauisdr,SN IIn
ZTF20aavhyel,SN Ic
ZTF21abcpbqd,SN II
ZTF20acxffhe,AGN
ZTF24aahdfdo,SN IIn
ZTF18abxjekh,SN IIb
ZTF20acvebcu,SN Ib
ZTF19acaqoef,SN Ic
ZTF19abfiqjg,SN Ic
ZTF19aaeuhgo,SN IIP
ZTF21aciluqg,SN II
ZTF19adbsblp,SN IIP
ZTF17aacpbmv,SN Ic
ZTF18abunnms,AGN
ZTF19acxgwvo,SN IIP
ZTF18aahqkbt,Tidal Disruption Event
ZTF22abybbud,SN II
ZTF19abqhobb,SN IIP
ZTF19aanxcre,AGN
ZTF18aaxnqjb,SN IIP
ZTF18aavskyg,AGN
ZTF18abdribr,AGN
ZTF18aamfsxv,AGN
ZTF18acvgyst,SN IIP
ZTF24aadkwni,SN II
ZTF20aatqgeo,SN IIP
ZTF19adgooar,SN II
ZTF20aazycgy,SN IIP
ZTF18aakkrjm,SN Ib
ZTF18aajnqmp,AGN
ZTF20aatqidk,SN IIP
ZTF20aclnplo,SN Ic
ZTF19acaqqke,SN IIP
ZTF23abgnxri,SN IIn
ZTF18aaflcyp,AGN
ZTF18aatxsvu,AGN
ZTF23abovaur,SN Ib
ZTF19aacwjfb,AGN
ZTF18aaabltn,AGN
ZTF18aaxzpyh,AGN
ZTF22aacgcwv,Tidal Disruption Event
ZTF22aaahtqz,Tidal Disruption Event
ZTF20acnviht,AGN
ZTF18acuqskr,SN IIP
ZTF18aavrjtq,AGN
ZTF18aaqpowv,SN II
ZTF18aawpwlf,SN IIP
ZTF18aaylbyr,AGN
ZTF18aauvyug,AGN
ZTF22abyokkf,SN II
ZTF22aaebkwd,SN Ib
ZTF20abefbpl,SN Ic
ZTF23absjgzg,AGN
ZTF22abxlfpl,SN Ic
ZTF21abkajar,SN IIP
ZTF21aajgdpo,SN II
ZTF17aaajnki,AGN
ZTF20aawbzlo,SN II
ZTF21aajgdeu,SN IIP
ZTF21achtsjd,SN IIb
ZTF18aaegvyd,SN IIP
ZTF18aahoprl,AGN
ZTF24aaabbse,SN II
ZTF20acfkzcg,SN IIP
ZTF20achpcvt,Tidal Disruption Event
ZTF19aaryexs,AGN
ZTF18aailsee,AGN
ZTF18aaquvvq,SN IIb
ZTF20abdxoeu,SN IIP
ZTF23aaraamx,SN II
ZTF20aatwisu,SN IIP
ZTF18aazzfia,AGN
ZTF18aakebhi,AGN
ZTF18aaylcgr,AGN
ZTF21aaabwfu,SN IIb
ZTF18aahfjdt,AGN
ZTF17aaazdba,Tidal Disruption Event
ZTF19abiszzn,SN IIP
ZTF20aafckit,SN IIP
ZTF19abcejsg,SN IIP
ZTF20abyxjvm,SN IIn
ZTF21abhqhqb,SN II
ZTF23aabnyfa,SN II
ZTF18aagrkwn,AGN
ZTF18abeajml,SN IIP
ZTF19aalfsqm,SN Ic
ZTF18aasxvsg,SN IIP
ZTF20aaurjbj,SN IIP
ZTF18aaqkdwu,SN IIP
ZTF18aamgcbt,AGN
ZTF18aauanao,AGN
ZTF20aaqtlwo,SN Ic
ZTF18aawgrxz,SN II
ZTF18aahpbal,AGN
ZTF18aazjflo,SN II
ZTF19actfxcd,SN IIP
ZTF18aafeiiy,AGN
ZTF23aagqyym,SN II
ZTF18aadsuxd,SN II
ZTF20aawjbsf,SN IIP
ZTF24aaabybk,SN Ic
ZTF20aafclqz,SN IIP
ZTF18aanlzzf,AGN
ZTF18aazhtcv,AGN
ZTF21aazybsh,SN II
ZTF23abhyxpr,SN Ib
ZTF23abqbjjb,SN II
ZTF20acgkbkm,SN IIb
ZTF21aavhnpk,SN II
ZTF18aasszwr,AGN
ZTF18aahfohe,AGN
ZTF18aabdajx,Tidal Disruption Event
ZTF18aarbgrh,AGN
ZTF19aakxogv,AGN
ZTF24aaeczdw,SN Ib
ZTF17aaaobyl,Cataclysmic
ZTF17aaaukqn,Cataclysmic
ZTF17aaawgkc,Cataclysmic
ZTF17aaburzk,Cataclysmic
ZTF17aadcbei,Cataclysmic
ZTF18aaadtdc,AGN
ZTF18aaakpbx,Cataclysmic
ZTF18aaakpsa,AGN
ZTF18aaaokus,AGN
ZTF18aabfxpw,Cataclysmic
ZTF18aabicqe,AGN
ZTF18aabssth,SN IIP
ZTF18aabvpbb,Cataclysmic
ZTF18aabxlsv,SN Ib
ZTF18aadkjmo,AGN
ZTF18aaenfaa,AGN
ZTF18aaexyql,SN Ib
ZTF18aagrdcs,SN Ib
ZTF18aagteoy,AGN
ZTF18aahbiav,AGN
ZTF18aahhqih,SN IIP
ZTF18aahhzqn,SN Ib
ZTF18aahijwe,AGN
ZTF18aahmhxu,SN II
ZTF18aahpbwz,SN Ib
ZTF18aajrwju,AGN
ZTF18aamftst,SN IIn
ZTF18aammlba,Cataclysmic
ZTF18aamnrdd,AGN
ZTF18aanjzkp,SN Ib
ZTF18aaoecso,AGN
ZTF18aapifti,SN IIP
ZTF18aaqduja,AGN
ZTF18aaqfqaa,SN IIP
ZTF18aaqgpsw,AGN
ZTF18aaqikyu,Cataclysmic
ZTF18aaqznkg,Cataclysmic
ZTF18aaraifg,Cataclysmic
ZTF18aarasof,SN IIn
ZTF18aartjod,SN II
ZTF18aarybyq,AGN
ZTF18aaseyca,AGN
ZTF18aasycpd,SN IIb
ZTF18aaszvfn,SN II
ZTF18aatjlhe,SN IIP
ZTF18aauenwu,SN IIn
ZTF18aaumvgk,Cataclysmic
ZTF18aauxzle,SN IIP
ZTF18aavoyoq,Cataclysmic
ZTF18aavskep,SN IIn
ZTF18aawrmhl,Cataclysmic
ZTF18aawuzxa,AGN
ZTF18aaxiuyp,SN Ic
ZTF18aaxkqgy,SN IIP
ZTF18aaxmhvk,SN Ic
ZTF18aaxryfw,AGN
ZTF18aaxuzxa,Cataclysmic
ZTF18aaxxfgs,SN IIn
ZTF18aaxxyhp,AGN
ZTF18aaybtnt,Cataclysmic
ZTF18aaydbyc,Cataclysmic
ZTF18aaydtzf,AGN
ZTF18aaygwqd,SN Ib
ZTF18aayoxjs,Cataclysmic
ZTF18aayyxxp,SN IIP
ZTF18aazcuno,AGN
ZTF18aazndjw,Cataclysmic
ZTF18abaelhi,SN IIP
ZTF18abajlni,Cataclysmic
ZTF18abbcyzh,Cataclysmic
ZTF18abbjkcd,AGN
ZTF18abbmiut,Cataclysmic
ZTF18abbpxik,SN IIP
ZTF18abcbvxc,AGN
ZTF18abcbwnd,AGN
ZTF18abccqmd,Cataclysmic
ZTF18abceakp,SN IIP
ZTF18abckxfb,Cataclysmic
ZTF18abcptmt,SN IIP
ZTF18abcyhju,SN IIb
ZTF18abcyues,SN IIP
ZTF18abcyzif,Cataclysmic
ZTF18abdjmfh,SN IIP
ZTF18abdkkwa,SN Ic
ZTF18abdmlya,SN IIb
ZTF18abdptwv,Cataclysmic
ZTF18abdrbqp,SN IIP
ZTF18abecbks,SN Ic
ZTF18abehrdw,Cataclysmic
ZTF18abeibdj,AGN
ZTF18abeqxdx,AGN
ZTF18abesokx,Cataclysmic
ZTF18abesqnb,SN IIb
ZTF18abeyqpr,SN Ic
ZTF18abfryaw,Cataclysmic
ZTF18abfxhqz,Cataclysmic
ZTF18abfyboh,Cataclysmic
ZTF18abfzhct,SN Ic
ZTF18abfzixe,SN IIP
ZTF18abgisys,AGN
ZTF18abgladq,SN IIP
ZTF18abgrbjb,SN IIb
ZTF18abgxyfz,Cataclysmic
ZTF18abgzkmf,SN IIP
ZTF18abiiqdl,SN IIP
ZTF18abijtau,Cataclysmic
ZTF18abimhfu,SN IIP
ZTF18abiyatb,Cataclysmic
ZTF18abjdnoh,AGN
ZTF18abjhbss,AGN
ZTF18abjlyzc,Cataclysmic
ZTF18abjrbza,SN Ic
ZTF18abjrdzt,Cataclysmic
ZTF18abjsdwi,Cataclysmic
ZTF18abjsjyx,Cataclysmic
ZTF18abjsrdz,Cataclysmic
ZTF18abjyjdz,SN Ib
ZTF18abkhqhk,Cataclysmic
ZTF18abkijlr,Cataclysmic
ZTF18abkjnqy,SN Ic
ZTF18abkojhi,AGN
ZTF18abktleu,Cataclysmic
ZTF18abktmfz,SN Ib
ZTF18abkxfou,Cataclysmic
ZTF18ablerlf,Cataclysmic
ZTF18ablfqxm,Cataclysmic
ZTF18ablgnrw,Cataclysmic
ZTF18ablgqyq,Cataclysmic
ZTF18ablgtdi,Cataclysmic
ZTF18abllrvn,Cataclysmic
ZTF18ablovbj,Cataclysmic
ZTF18ablpmiy,Cataclysmic
ZTF18ablrlbm,AGN
ZTF18ablrlog,Cataclysmic
ZTF18ablusuz,Cataclysmic
ZTF18ablvazp,Cataclysmic
ZTF18ablvxdg,AGN
ZTF18ablvxkh,Cataclysmic
ZTF18ablwhxt,AGN
ZTF18ablwrch,Cataclysmic
ZTF18ablwvur,Cataclysmic
ZTF18ablwvus,Cataclysmic
ZTF18abmbdbg,Cataclysmic
ZTF18abmdoni,Cataclysmic
ZTF18abmdpwe,SN IIP
ZTF18abmenfr,AGN
ZTF18abmqrwk,Cataclysmic
ZTF18abmwszl,AGN
ZTF18abmxatl,Cataclysmic
ZTF18abmxaxt,Cataclysmic
ZTF18abnbldg,Cataclysmic
ZTF18abnbxsy,Cataclysmic
ZTF18abnnnzk,AGN
ZTF18abnoonq,Cataclysmic
ZTF18abnuark,Cataclysmic
ZTF18abnuhuy,AGN
ZTF18abnurff,Cataclysmic
ZTF18abnyktn,Cataclysmic
ZTF18abnzlai,SN IIP
ZTF18abobvym,Cataclysmic
ZTF18aboerpp,AGN
ZTF18abojpnr,SN IIb
ZTF18abojrnv,Cataclysmic
ZTF18abokhip,Cataclysmic
ZTF18aboronz,Cataclysmic
ZTF18abpmwfx,Cataclysmic
ZTF18abpmwlt,Cataclysmic
ZTF18abppeth,AGN
ZTF18abptzkg,Cataclysmic
ZTF18abqdtes,Cataclysmic
ZTF18abqyvzy,SN IIP
ZTF18abrfchj,SN Ic
ZTF18abrlljc,SN IIP
ZTF18abrqfjs,Cataclysmic
ZTF18abrwpvo,AGN
ZTF18abrwwzs,Cataclysmic
ZTF18abrxrms,Cataclysmic
ZTF18abrzbum,SN IIP
ZTF18abrzhne,AGN
ZTF18absanfq,Cataclysmic
ZTF18absbgqd,SN IIP
ZTF18abscyjj,SN IIP
ZTF18absgnbm,SN IIP
ZTF18absjiej,Cataclysmic
ZTF18abskbng,Cataclysmic
ZTF18abskoyh,SN IIP
ZTF18abskrix,Cataclysmic
ZTF18abslbyb,AGN
ZTF18absldfl,SN IIP
ZTF18absliyc,SN Ic
ZTF18absltuj,AGN
ZTF18absmoql,Cataclysmic
ZTF18absnibc,Cataclysmic
ZTF18absunxx,Cataclysmic
ZTF18absxczg,Cataclysmic
ZTF18abtgnxs,AGN
ZTF18abthqde,Cataclysmic
ZTF18abthvpk,Cataclysmic
ZTF18abtizrj,Cataclysmic
ZTF18abtosxg,Cataclysmic
ZTF18abtrknw,SN IIP
ZTF18abtrvok,AGN
ZTF18abtslka,AGN
ZTF18abtswjk,SN IIn
ZTF18abtuzwc,Cataclysmic
ZTF18abuclqi,Cataclysmic
ZTF18abucoyd,Cataclysmic
ZTF18abuicad,SN II
ZTF18abujubn,AGN
ZTF18abulqzb,Cataclysmic
ZTF18abumesx,Cataclysmic
ZTF18abuqhje,SN IIP
ZTF18abuqkdh,AGN
ZTF18abvassm,Cataclysmic
ZTF18abvbesl,Cataclysmic
ZTF18abvbqyo,Cataclysmic
ZTF18abvejqt,SN IIP
ZTF18abvfecb,SN IIP
ZTF18abvgivy,SN IIP
ZTF18abvgjft,SN IIP
ZTF18abvgjgb,SN IIn
ZTF18abvmlow,SN IIP
ZTF18abvoyen,Cataclysmic
ZTF18abvtcve,AGN
ZTF18abvvmdf,SN IIP
ZTF18abvwpnt,Cataclysmic
ZTF18abvwqtp,AGN
ZTF18abvxoty,SN IIP
ZTF18abwcgrm,AGN
ZTF18abwisaz,SN II
ZTF18abwkrbl,SN IIb
ZTF18abwlsoi,SN IIP
ZTF18abxbhov,SN IIn
ZTF18abxbmcl,SN IIP
ZTF18abxdtyz,SN IIP
ZTF18abxftqm,Tidal Disruption Event
ZTF18abxkbzz,Cataclysmic
ZTF18abxrngw,AGN
ZTF18abyjgcx,AGN
ZTF18abyukaz,Cataclysmic
ZTF18abywcoi,Cataclysmic
ZTF18abyzkeq,Cataclysmic
ZTF18abyzmsb,Cataclysmic
ZTF18abzrgim,SN IIP
ZTF18abzscns,SN IIP
ZTF18abztcib,Cataclysmic
ZTF18acakwsu,SN IIP
ZTF18acauijl,Cataclysmic
ZTF18acauwik,AGN
ZTF18acbuemc,SN IIP
ZTF18acbvahw,SN Ib
ZTF18acbvhfl,SN II
ZTF18acbvhit,SN IIP
ZTF18acbvkwl,AGN
ZTF18acbwaxk,SN IIP
ZTF18acbwglb,SN IIP
ZTF18acbwkso,Cataclysmic
ZTF18acbwopo,SN IIP
ZTF18acbwtng,SN IIP
ZTF18acbwvsp,SN IIn
ZTF18acbxphq,Cataclysmic
ZTF18acbzitw,Cataclysmic
ZTF18accbwow,SN IIP
ZTF18accdzju,SN IIn
ZTF18accfjmp,SN IIP
ZTF18acckpzv,AGN
ZTF18accmkud,SN IIP
ZTF18accngxc,SN IIP
ZTF18accnoli,SN IIb
ZTF18acdvrfu,SN IIP
ZTF18aceaape,AGN
ZTF18acebssa,SN IIP
ZTF18acfvhko,AGN
ZTF18acgdepq,Cataclysmic
ZTF18acgvhxo,AGN
ZTF18achcpwu,SN Ic
ZTF18achondo,AGN
ZTF18achrter,Cataclysmic
ZTF18achtnvk,SN IIP
ZTF18acmwewv,AGN
ZTF18acnncve,SN Ib
ZTF18acqppuj,SN IIP
ZTF18acqsqrg,SN IIP
ZTF18acqsroy,SN IIP
ZTF18acqwdla,SN IIP
ZTF18acrcogn,SN IIP
ZTF18acrcyqw,SN IIP
ZTF18acrflch,SN IIP
ZTF18acrhehl,SN IIP
ZTF18acrtvmm,SN IIP
ZTF18acrygfl,AGN
ZTF18acrygtk,SN IIP
ZTF18acsvycn,SN IIP
ZTF18acswkeb,Cataclysmic
ZTF18acsxguy,Cataclysmic
ZTF18acsyaye,SN IIP
ZTF18acszayr,SN IIn
ZTF18actxchc,AGN
ZTF18acuring,SN IIP
ZTF18acvbigh,AGN
ZTF18acvbpcv,Cataclysmic
ZTF18acvjhht,AGN
ZTF18acwugwx,AGN
ZTF18acwzxhr,SN IIP
ZTF18acwzyor,SN IIn
ZTF18aczcumi,SN Ib
ZTF18aczexlh,AGN
ZTF18aczquaa,Cataclysmic
ZTF18aczqzrj,SN Ic
ZTF18adacicy,SN IIP
ZTF18adalhga,SN IIP
ZTF18adalhzq,AGN
ZTF18adazblo,SN IIP
ZTF18adbadfz,SN IIP
ZTF18adbclkd,SN IIP
ZTF18adbcqwv,Cataclysmic
ZTF18adiaqui,Cataclysmic
ZTF19aaaizjh,Cataclysmic
ZTF19aaciohh,AGN
ZTF19aacnxvc,SN IIP
ZTF19aadggnt,AGN
ZTF19aadnxnl,SN IIP
ZTF19aadyiao,SN IIb
ZTF19aadypig,SN IIP
ZTF19aaeopgw,SN II
ZTF19aaevbqz,AGN
ZTF19aaezale,SN IIn
ZTF19aaflcgn,AGN
ZTF19aafnend,SN IIn
ZTF19aaiohcc,AGN
ZTF19aakiwze,Tidal Disruption Event
ZTF19aakkrqu,SN IIP
ZTF19aaknate,SN IIb
ZTF19aakpkto,Cataclysmic
ZTF19aakpmqg,SN IIP
ZTF19aakrsuo,SN IIP
ZTF19aakssnv,SN IIP
ZTF19aakswrb,Tidal Disruption Event
ZTF19aaktorq,AGN
ZTF19aakzash,SN IIP
ZTF19aalahqa,SN Ib
ZTF19aallimd,SN IIP
ZTF19aalouag,SN Ib
ZTF19aalsnbp,SN IIP
ZTF19aalubxw,SN IIP
ZTF19aalztms,SN IIP
ZTF19aamgghn,SN Ib
ZTF19aamggnw,SN IIP
ZTF19aamhgwm,SN IIP
ZTF19aamljom,SN IIP
ZTF19aamowaf,SN IIP
ZTF19aampokl,Cataclysmic
ZTF19aamsetj,SN Ic
ZTF19aamtwiz,SN IIP
ZTF19aamvape,SN IIP
ZTF19aandjiw,SN IIP
ZTF19aanfnvl,SN IIP
ZTF19aanfqug,SN IIn
ZTF19aanfrmq,AGN
ZTF19aanfukh,SN Ic
ZTF19aanhhal,SN IIP
ZTF19aaniore,SN IIP
ZTF19aanlekq,SN IIP
ZTF19aanovps,SN IIP
ZTF19aanpcep,SN IIP
ZTF19aanrrqu,SN IIP
ZTF19aaocejx,Cataclysmic
ZTF19aaodojg,Cataclysmic
ZTF19aaodsna,AGN
ZTF19aaoxvfe,SN Ib
ZTF19aaozsuh,SN IIn
ZTF19aaozugz,SN IIP
ZTF19aapadxs,SN IIb
ZTF19aapafit,SN IIP
ZTF19aapbfot,SN IIP
ZTF19aapcnzi,SN IIP
ZTF19aapfnym,SN IIP
ZTF19aapreza,SN IIP
ZTF19aaprvar,SN IIP
ZTF19aapwlhg,Cataclysmic
ZTF19aaqasrq,SN IIn
ZTF19aaqdkrm,SN IIP
ZTF19aarfkch,SN IIb
ZTF19aarfnmb,SN IIP
ZTF19aarfyvc,SN Ic
ZTF19aariwfe,SN IIP
ZTF19aarnqys,SN Ib
ZTF19aarpymc,AGN
ZTF19aarxrem,SN IIn
ZTF19aaspsbg,SN IIP
ZTF19aatgxjy,SN IIP
ZTF19aatmgjs,SN IIP
ZTF19aatqzim,SN IIP
ZTF19aattvhh,Cataclysmic
ZTF19aatylnl,Tidal Disruption Event
ZTF19aatyrpj,Cataclysmic
ZTF19aaumtxz,Cataclysmic
ZTF19aauoiow,SN IIP
ZTF19aauqwna,SN IIP
ZTF19aauvbqv,SN IIP
ZTF19aauxxgk,SN IIP
ZTF19aavbjfp,SN IIP
ZTF19aavgukt,SN Ic
ZTF19aavhblr,SN IIP
ZTF19aavjukt,SN IIn
ZTF19aavjztg,SN IIP
ZTF19aavjzwm,SN IIP
ZTF19aavnuur,SN IIP
ZTF19aavomif,Cataclysmic
ZTF19aavoweu,SN Ic
ZTF19aavqics,SN IIP
ZTF19aavrcew,SN IIP
ZTF19aavtcjs,SN IIP
ZTF19aavyvbn,SN IIn
ZTF19aawethv,SN IIb
ZTF19aawfkeg,SN IIP
ZTF19aawgxdn,SN IIP
ZTF19aawrpwn,Cataclysmic
ZTF19aawsday,SN Ic
ZTF19aaxbzqp,Cataclysmic
ZTF19aaxeaag,SN IIn
ZTF19aaxugwk,Cataclysmic
ZTF19aaycrgf,SN IIP
ZTF19aaydtur,SN IIP
ZTF19aaynnae,AGN
ZTF19aaysfbn,SN IIP
ZTF19aaytisr,Cataclysmic
ZTF19aayurjv,Cataclysmic
ZTF19aazdroc,AGN
ZTF19aazfvhh,SN IIP
ZTF19aazgdlv,Cataclysmic
ZTF19aazpvdy,SN IIP
ZTF19aazudta,SN IIP
ZTF19aazwnwy,SN IIb
ZTF19abacxod,SN IIb
ZTF19abafmwj,SN Ic
ZTF19abagewd,Cataclysmic
ZTF19abahjuv,Cataclysmic
ZTF19abajxet,SN IIP
ZTF19abamqxo,SN Ib
ZTF19abanayw,SN IIP
ZTF19abandzh,SN IIn
ZTF19abatvzs,SN IIP
ZTF19abauylg,SN Ic
ZTF19abbthwy,SN IIb
ZTF19abbwfgp,SN IIP
ZTF19abbwmem,Cataclysmic
ZTF19abbxykm,SN IIP
ZTF19abcegvm,SN Ib
ZTF19abcejfo,SN IIn
ZTF19abcejlb,SN IIP
ZTF19abcekty,SN IIP
ZTF19abcemxn,Cataclysmic
ZTF19abcneik,SN IIP
ZTF19abcpiag,Cataclysmic
ZTF19abctxhf,SN IIP
ZTF19abcyqqg,SN Ib
ZTF19abdviwl,SN IIn
ZTF19abecaca,SN IIn
ZTF19abegizf,SN IIP
ZTF19abegxfs,SN IIn
ZTF19abfloxk,SN IIP
ZTF19abfwdqv,SN IIP
ZTF19abgbbzy,SN IIb
ZTF19abgbdcp,SN IIP
ZTF19abgcnzi,Cataclysmic
ZTF19abgczul,Cataclysmic
ZTF19abgfuhh,SN IIb
ZTF19abgiwkt,SN IIP
ZTF19abgkgnx,AGN
ZTF19abgncfz,SN IIP
ZTF19abgndlf,SN IIn
ZTF19abgpgyp,SN IIP
ZTF19abgrchq,SN IIb
ZTF19abgrmfu,SN IIP
ZTF19abgueit,Cataclysmic
ZTF19abguqsi,SN IIP
ZTF19abhcefa,SN Ib
ZTF19abhduuo,SN IIP
ZTF19abhhjcc,Tidal Disruption Event
ZTF19abiahko,SN IIP
ZTF19abidbya,Tidal Disruption Event
ZTF19abiqfxi,SN IIn
ZTF19abiszoe,SN IIn
ZTF19abitexk,AGN
ZTF19abjacdu,SN IIn
ZTF19abjbtbm,SN IIP
ZTF19abjgdhb,SN IIP
ZTF19abjioie,SN IIP
ZTF19abjrjdw,SN IIP
ZTF19abjsmmv,SN IIP
ZTF19abkfmjp,SN IIP
ZTF19abkfqqp,SN IIP
ZTF19abkfxfb,SN IIP
ZTF19abkgjmj,SN IIP
ZTF19abkxeft,SN II
ZTF19ablfdwt,SN IIP
ZTF19abllcvf,Cataclysmic
ZTF19ablojrw,SN IIn
ZTF19ablwwox,Cataclysmic
ZTF19abmmksy,AGN
ZTF19abmtpvz,SN IIP
ZTF19abonixj,Cataclysmic
ZTF19aboueif,Cataclysmic
ZTF19abouhwv,AGN
ZTF19abovstj,SN IIP
ZTF19abpidqn,SN IIn
ZTF19abpnrrf,SN IIP
ZTF19abppewc,Cataclysmic
ZTF19abpuyvi,Cataclysmic
ZTF19abpwygn,Cataclysmic
ZTF19abpxiff,SN IIP
ZTF19abpyqog,SN IIP
ZTF19abqgtqo,SN IIP
ZTF19abqmurd,SN IIP
ZTF19abqqrgy,SN Ib
ZTF19abqrhvt,SN IIP
ZTF19abqrhvy,SN IIP
ZTF19abqwsuf,SN IIP
ZTF19abqwtfu,SN Ib
ZTF19abqyouo,SN IIP
ZTF19abqyoxj,SN IIP
ZTF19abrbmvt,SN IIP
ZTF19abrlvij,SN IIP
ZTF19abrtjsf,SN IIP
ZTF19abtslqm,SN IIP
ZTF19abtuflm,SN IIP
ZTF19abucwzt,SN Ib
ZTF19abudlps,SN IIP
ZTF19abukakm,SN IIP
ZTF19abulzhy,SN IIn
ZTF19abupyxe,Cataclysmic
ZTF19abuzjqa,Cataclysmic
ZTF19abvbrve,SN IIP
ZTF19abvdbyx,SN IIP
ZTF19abvdgqo,SN Ib
ZTF19abwamby,SN IIP
ZTF19abwrzqb,Cataclysmic
ZTF19abwsagv,SN IIP
ZTF19abxekxi,SN II
ZTF19abxivpg,Cataclysmic
ZTF19abxjrge,SN IIb
ZTF19abxqppy,SN IIb
ZTF19abxrdlu,Cataclysmic
ZTF19abxtcio,SN IIb
ZTF19abxvksn,Cataclysmic
ZTF19abxvkvc,Cataclysmic
ZTF19abxvtmn,SN IIP
ZTF19abyfazm,Cataclysmic
ZTF19abyihtb,AGN
ZTF19abykjhn,Cataclysmic
ZTF19abylcik,Cataclysmic
ZTF19abymukc,SN IIP
ZTF19abzgdfu,SN IIP
ZTF19abzipjc,Cataclysmic
ZTF19abzkdeo,Cataclysmic
ZTF19abzmmvz,SN IIn
ZTF19abzmoov,SN IIP
ZTF19abzpkss,Cataclysmic
ZTF19abzqwpr,SN IIP
ZTF19abzrhgq,Tidal Disruption Event
ZTF19abzyxgz,Cataclysmic
ZTF19acaiora,Cataclysmic
ZTF19acanzwg,SN IIP
ZTF19acapech,SN IIn
ZTF19acawgrs,Cataclysmic
ZTF19acblhxc,SN IIP
ZTF19acbmilc,Cataclysmic
ZTF19acbmxky,SN IIP
ZTF19acbrzzr,SN IIP
ZTF19acbvisk,SN IIP
ZTF19acbwccr,SN IIP
ZTF19acbwejj,SN IIP
ZTF19acbwilc,SN IIP
ZTF19acbwmqd,SN IIP
ZTF19acbwrsu,Cataclysmic
ZTF19accbeju,SN IIP
ZTF19acccyxx,SN IIP
ZTF19accczvs,Cataclysmic
ZTF19acchaza,SN IIP
ZTF19acclxtn,Cataclysmic
ZTF19acctjxg,Cataclysmic
ZTF19acctlps,SN IIP
ZTF19acctwpz,SN IIP
ZTF19acdabep,SN Ib
ZTF19acdacji,Cataclysmic
ZTF19acdkzxk,SN IIP
ZTF19acduloz,SN IIP
ZTF19acdytef,Cataclysmic
ZTF19aceckdq,SN IIP
ZTF19aceckmm,SN IIP
ZTF19acecluy,SN IIP
ZTF19acecvsm,Cataclysmic
ZTF19aceifef,Cataclysmic
ZTF19aceilrk,AGN
ZTF19acendsf,Cataclysmic
ZTF19acenkuz,Cataclysmic
ZTF19acenylz,Cataclysmic
ZTF19aceqlxc,SN IIn
ZTF19aceshib,SN IIP
ZTF19acewuwn,SN IIP
ZTF19acfrhnq,Cataclysmic
ZTF19acfsbpa,SN IIP
ZTF19acftfav,SN IIP
ZTF19acftude,SN IIn
ZTF19acfvzmr,Cataclysmic
ZTF19acgcrhb,Cataclysmic
ZTF19acgjosf,SN Ib
ZTF19acgzwbm,SN IIP
ZTF19acgzzea,SN IIP
ZTF19achcdju,Cataclysmic
ZTF19achjqbk,SN IIP
ZTF19achtifr,SN IIP
ZTF19acifjfp,Cataclysmic
ZTF19acignlo,SN IIP
ZTF19aciuhwi,Cataclysmic
ZTF19acjtpmm,SN IIP
ZTF19acjtpqd,SN Ic
ZTF19acjutrw,SN IIn
ZTF19acjwdnu,SN IIP
ZTF19ackbclh,SN IIn
ZTF19ackjene,SN IIb
ZTF19ackjjwf,SN Ib
ZTF19ackjvtl,SN IIP
ZTF19acllsbq,SN Ic
ZTF19aclobbu,SN IIP
ZTF19acmbekd,SN Ib
ZTF19acmdxbp,Cataclysmic
ZTF19acmelor,SN Ib
ZTF19acmwfli,SN IIP
ZTF19acmyacs,SN IIP
ZTF19acnlgks,Cataclysmic
ZTF19acnvejn,Cataclysmic
ZTF19acopsvd,Cataclysmic
ZTF19acqdbad,Cataclysmic
ZTF19acrbzdn,Cataclysmic
ZTF19acrcxri,SN IIP
ZTF19acrcznb,Cataclysmic
ZTF19acrdtah,Cataclysmic
ZTF19acrwvao,SN IIP
ZTF19acsghpg,Cataclysmic
ZTF19acszmgx,SN IIP
ZTF19actnqne,Cataclysmic
ZTF19actnyae,SN IIP
ZTF19acvkibv,SN IIn
ZTF19acwbhih,SN IIP
ZTF19acwrrvg,SN IIP
ZTF19acwsajh,Cataclysmic
ZTF19acxmfay,SN IIP
ZTF19acxmnkc,SN IIn
ZTF19acxndtv,AGN
ZTF19acxpuql,SN Ib
ZTF19acxqaot,SN IIn
ZTF19acxyuwb,AGN
ZTF19acyggzu,SN Ic
ZTF19acyjjni,SN IIP
ZTF19acyjzeo,SN Ib
ZTF19acykaae,SN IIn
ZTF19acyldun,SN IIn
ZTF19acylgmg,Cataclysmic
ZTF19acyobbu,SN IIb
ZTF19acyplkt,SN IIP
ZTF19aczjytt,SN IIP
ZTF19aczkjxn,SN IIP
ZTF19adakmbh,SN IIP
ZTF19adakybi,Cataclysmic
ZTF19adannbl,SN IIn
ZTF19adaxzax,SN IIP
ZTF19adbryab,SN IIP
ZTF19adccrca,SN IIP
ZTF20aaaddgy,SN IIn
ZTF20aaaxghv,SN Ib
ZTF20aaazjwc,SN IIP
ZTF20aabcemq,SN IIn
ZTF20aabconi,SN IIP
ZTF20aabqkxs,SN Ib
ZTF20aabqwtz,SN IIP
ZTF20aacbyec,SN IIn
ZTF20aacbyoh,SN IIP
ZTF20aacdfyv,SN Ic
ZTF20aacewxb,SN IIP
ZTF20aacgrql,SN IIP
ZTF20aadchdd,SN IIP
ZTF20aadtarr,SN IIn
ZTF20aadxrvb,SN IIn
ZTF20aaeabyu,SN IIP
ZTF20aaekkuv,SN Ic
ZTF20aaelulu,SN Ic
ZTF20aaeoqqd,SN IIP
ZTF20aaerxne,SN Ib
ZTF20aaetrle,SN IIP
ZTF20aagewqr,SN Ic
ZTF20aagnbes,SN IIP
ZTF20aagqrbx,Cataclysmic
ZTF20aahbamv,SN IIP
ZTF20aahcrjn,Cataclysmic
ZTF20aahcslg,Cataclysmic
ZTF20aahklzo,Cataclysmic
ZTF20aahqbsr,SN IIP
ZTF20aahqbun,SN IIP
ZTF20aaidnku,Cataclysmic
ZTF20aaiftgi,SN Ic
ZTF20aaifzfk,SN IIP
ZTF20aaimqhh,Cataclysmic
ZTF20aaiomlf,Cataclysmic
ZTF20aakficj,Cataclysmic
ZTF20aakodyh,SN Ib
ZTF20aakzbfh,SN IIP
ZTF20aalbtwh,SN IIP
ZTF20aalcyih,SN Ib
ZTF20aamamnp,SN IIP
ZTF20aamazzl,SN IIP
ZTF20aamdyln,SN Ic
ZTF20aamlmec,SN IIP
ZTF20aammdfk,SN IIn
ZTF20aamoaim,SN IIP
ZTF20aamqmfk,Tidal Disruption Event
ZTF20aamrreb,SN IIn
ZTF20aamxuwl,SN IIP
ZTF20aanadof,SN IIP
ZTF20aanvmdt,SN Ib
ZTF20aanvqbi,SN IIP
ZTF20aanwwhy,Cataclysmic
ZTF20aaoffej,SN IIP
ZTF20aaophpu,SN IIP
ZTF20aapcjjo,Cataclysmic
ZTF20aapjiwl,SN IIP
ZTF20aarbktd,SN IIP
ZTF20aarbvub,SN IIP
ZTF20aarenrz,SN II
ZTF20aasfhia,SN IIP
ZTF20aasijew,SN IIP
ZTF20aasjzhg,SN II
ZTF20aaskdhj,SN Ib
ZTF20aaspvan,SN IIP
ZTF20aatqene,SN II
ZTF20aatsjyu,Cataclysmic
ZTF20aattoch,SN IIP
ZTF20aatvupb,SN IIP
ZTF20aaulajo,SN IIP
ZTF20aaullwz,SN IIP
ZTF20aaumlmu,SN IIP
ZTF20aauoipy,SN IIP
ZTF20aauompx,SN IIP
ZTF20aauqhka,SN IIP
ZTF20aauqlwv,SN IIP
ZTF20aaurfhs,SN IIP
ZTF20aaurfnl,SN Ic
ZTF20aaurgib,SN IIP
ZTF20aausahr,SN IIP
ZTF20aauvjws,SN IIP
ZTF20aavdcxo,SN IIP
ZTF20aavgcnu,SN Ic
ZTF20aavhixe,SN IIn
ZTF20aavnnhs,Cataclysmic
ZTF20aavogex,SN II
ZTF20aavpyxo,SN IIP
ZTF20aavtfxl,Cataclysmic
ZTF20aavzffg,SN Ib
ZTF20aawbodq,Cataclysmic
ZTF20aawbxmt,AGN
ZTF20aawgrcu,SN IIP
ZTF20aawiicr,SN IIP
ZTF20aawijco,SN IIn
ZTF20aawxpru,SN IIP
ZTF20aaxhzhc,SN IIb
ZTF20aaxunbm,SN IIP
ZTF20aaxxhhi,Cataclysmic
ZTF20aayukfo,Cataclysmic
ZTF20aayxdse,SN IIP
ZTF20aazcnrv,SN IIP
ZTF20aazffau,SN IIn
ZTF20aazpyhy,SN Ic
ZTF20aazrxef,SN IIP
ZTF20aazswwk,SN IIP
ZTF20aazvump,Cataclysmic
ZTF20abafjtw,Cataclysmic
ZTF20abahplv,SN IIP
ZTF20abasett,AGN
ZTF20abaslyx,SN IIP
ZTF20abaszgh,SN Ib
ZTF20abazeye,Cataclysmic
ZTF20abbeyob,Cataclysmic
ZTF20abbhrrt,SN Ib
ZTF20abbqfoi,SN IIP
ZTF20abbvnpr,Cataclysmic
ZTF20abbvqww,Cataclysmic
ZTF20abccixp,SN IIP
ZTF20abcgkom,SN IIP
ZTF20abdkdga,SN IIP
ZTF20abdnpdo,SN Ic
ZTF20abdxzlz,Cataclysmic
ZTF20abegirf,SN IIP
ZTF20abehusj,Cataclysmic
ZTF20abekbzp,SN IIP
ZTF20abepklv,SN IIP
ZTF20abexfvz,Cataclysmic
ZTF20abfadah,SN Ib
ZTF20abfcrzj,SN IIb
ZTF20abfcszi,Tidal Disruption Event
ZTF20abfehpe,SN IIP
ZTF20abgbuly,SN IIb
ZTF20abgbxvb,SN Ib
ZTF20abgfegv,Cataclysmic
ZTF20abgoocl,SN IIn
ZTF20abgrory,Cataclysmic
ZTF20abgxuqt,Cataclysmic
ZTF20abisysx,AGN
ZTF20abjaapj,SN IIP
ZTF20abjatqy,SN IIP
ZTF20abjirmc,Cataclysmic
ZTF20abjnqcj,Cataclysmic
ZTF20abjonjs,SN IIP
ZTF20abjpvce,SN Ib
ZTF20abjsyqu,Cataclysmic
ZTF20abjuxoy,SN IIP
ZTF20abjyoty,SN IIP
ZTF20abkhtev,SN Ib
ZTF20abkiarz,SN Ic
ZTF20abkkuhh,SN IIP
ZTF20abliiex,SN IIP
ZTF20ablimei,Cataclysmic
ZTF20ablklei,SN IIP
ZTF20ablnqzc,SN IIP
ZTF20abmcxaf,SN IIP
ZTF20abmihnc,SN IIP
ZTF20abmoakx,SN IIP
ZTF20abmtaya,SN IIP
ZTF20abnnfpv,SN IIP
ZTF20abnorit,Tidal Disruption Event
ZTF20abnowvm,Cataclysmic
ZTF20abojvde,Cataclysmic
ZTF20abozqdj,SN Ic
ZTF20abpmqnr,SN IIn
ZTF20abpqbgi,Cataclysmic
ZTF20abpuxcc,SN Ic
ZTF20abpuxna,SN IIP
ZTF20abpvhlg,SN IIP
ZTF20abpvhqv,SN Ic
ZTF20abqdkne,SN Ic
ZTF20abqdqyh,SN IIP
ZTF20abqferm,SN IIP
ZTF20abqgbum,SN IIn
ZTF20abqgsah,Cataclysmic
ZTF20abqkdcs,Cataclysmic
ZTF20abrnvnn,SN IIP
ZTF20abtjjhb,SN IIn
ZTF20abtkjfw,SN Ic
ZTF20abtmfpq,Cataclysmic
ZTF20abupxie,SN IIP
ZTF20abuqali,SN IIP
ZTF20abusrwm,SN Ic
ZTF20abvquuo,SN Ib
ZTF20abwdaeo,SN IIP
ZTF20abwtifz,Tidal Disruption Event
ZTF20abwxywy,SN Ic
ZTF20abxpoxd,SN Ic
ZTF20abxyaje,SN IIP
ZTF20abxyauq,SN IIP
ZTF20abxyifx,SN IIP
ZTF20abxyiqi,SN IIP
ZTF20abybeex,SN IIP
ZTF20abychpb,Cataclysmic
ZTF20abykfsr,SN IIP
ZTF20abysxbk,SN Ib
ZTF20abywsut,SN Ic
ZTF20abywydb,SN IIP
ZTF20abyznqs,SN Ib
ZTF20abyzomt,SN IIP
ZTF20abyzprl,SN IIP
ZTF20abzcokk,Cataclysmic
ZTF20abzgegm,SN IIP
ZTF20abzjcdg,SN Ic
ZTF20abzjoxd,SN IIn
ZTF20acbcfaa,SN IIn
ZTF20acbekkx,SN IIn
ZTF20accdijx,SN IIP
ZTF20acectxy,SN II
ZTF20acfqngt,SN Ic
ZTF20acfvqdz,SN IIP
ZTF20acfwrln,SN IIP
ZTF20acgchsp,SN II
ZTF20acggqfs,SN II
ZTF20acggvnn,SN II
ZTF20acghodf,SN IIn
ZTF20acgided,SN IIP
ZTF20acgiglu,SN IIb
ZTF20acgnelh,SN II
ZTF20acgoxns,SN II
ZTF20acgyjbh,SN II
ZTF20achbejn,SN IIP
ZTF20achjwqt,SN IIn
ZTF20achmmex,SN II
ZTF20achnfaa,SN IIP
ZTF20achusux,SN IIP
ZTF20achvdtx,SN IIP
ZTF20acioekr,Cataclysmic
ZTF20acioiem,Cataclysmic
ZTF20aciouqw,Cataclysmic
ZTF20acitoie,SN IIP
ZTF20aciubfx,SN IIP
ZTF20aciubjh,SN II
ZTF20acjbhhp,SN II
ZTF20acjpvyd,SN IIb
ZTF20acknpig,SN IIP
ZTF20ackzfvn,SN II
ZTF20aclkvjy,SN IIn
ZTF20aclvtnk,SN II
ZTF20acmhmzl,SN II
ZTF20acmhpvd,Cataclysmic
ZTF20acmyxdb,Cataclysmic
ZTF20acnrvfm,SN II
ZTF20acnvniw,SN IIn
ZTF20acnvtxy,SN II
ZTF20acnzkxb,SN II
ZTF20acocohy,SN II
ZTF20acorjop,SN II
ZTF20acounxo,SN II
ZTF20acouofb,SN II
ZTF20acpbdvm,SN II
ZTF20acpgokr,SN II
ZTF20acpkses,SN II
ZTF20acpqbfu,SN II
ZTF20acprmuv,SN IIn
ZTF20acqexmr,SN II
ZTF20acqgklx,SN IIn
ZTF20acqqdkl,SN II
ZTF20acqucpz,Cataclysmic
ZTF20acqvwzb,SN II
ZTF20acqvwzm,SN Ib
ZTF20acrrssy,SN II
ZTF20actawpa,SN II
ZTF20actekrw,SN Ic
ZTF20actkulc,SN IIn
ZTF20actnuls,SN II
ZTF20actnzzk,SN II
ZTF20actpqgc,SN Ic
ZTF20actqnhg,SN II
ZTF20actquzl,SN II
ZTF20acufmte,SN II
ZTF20acuhgar,SN II
ZTF20acusylb,SN IIn
ZTF20acveadu,SN II
ZTF20acvezdt,SN II
ZTF20acvjagm,SN II
ZTF20acvjlev,SN II
ZTF20acwgxhk,SN II
ZTF20acwqqjs,SN IIb
ZTF20acwyoqx,AGN
ZTF20acwytht,SN IIP
ZTF20acxkfrm,SN II
ZTF20acxmxtu,SN IIn
ZTF20acyqzeu,SN II
ZTF20acytgxf,SN II
ZTF20aczgvfe,SN II
ZTF20adadlqm,SN II
ZTF20adadlqv,SN II
ZTF20adaduxg,SN II
ZTF21aaabxbd,SN IIn
ZTF21aaaokyp,Tidal Disruption Event
ZTF21aaaubig,SN Ic
ZTF21aabjesm,SN II
ZTF21aabxjqr,SN IIb
ZTF21aacwleg,SN II
ZTF21aadoizf,SN II
ZTF21aaeeuqz,Cataclysmic
ZTF21aafdvxz,SN II
ZTF21aagnqnz,SN IIn
ZTF21aagqbvp,SN II
ZTF21aagtqna,SN II
ZTF21aagtqpn,SN II
ZTF21aahdqrg,SN Ic
ZTF21aahgspm,SN II
ZTF21aaipypa,SN II
ZTF21aaizyqc,SN II
ZTF21aakupth,SN IIn
ZTF21aakymbv,SN Ic
ZTF21aalimya,SN IIb
ZTF21aaluqkp,SN II
ZTF21aamqgid,SN II
ZTF21aamwqim,SN II
ZTF21aanfuuk,SN II
ZTF21aannoix,SN Ic
ZTF21aanplys,SN II
ZTF21aanrhag,SN IIb
ZTF21aantsla,SN II
ZTF21aanvncv,SN Ib
ZTF21aanxhjv,Tidal Disruption Event
ZTF21aanzcuj,SN II
ZTF21aaoiaar,SN IIb
ZTF21aaokvio,SN IIn
ZTF21aaoqbbw,SN IIn
ZTF21aaowaxx,SN IIn
ZTF21aapdxxs,SN II
ZTF21aapegtd,SN II
ZTF21aapfdqw,SN II
ZTF21aapffqd,SN II
ZTF21aapliyn,SN II
ZTF21aaqhqke,SN IIn
ZTF21aaqjmps,SN II
ZTF21aaqldsk,SN Ic
ZTF21aaqqwsa,AGN
ZTF21aaqugxm,SN II
ZTF21aaquhqr,SN II
ZTF21aaqvsvw,SN IIb
ZTF21aaqwfqe,SN Ib
ZTF21aaqyuun,SN II
ZTF21aaradzm,SN IIn
ZTF21aarcobt,SN IIn
ZTF21aasfseg,SN II
ZTF21aaspdzb,Cataclysmic
ZTF21aastzsn,SN IIb
ZTF21aatpsky,SN II
ZTF21aaufwyh,SN Ib
ZTF21aaukcog,SN II
ZTF21aautijg,SN IIn
ZTF21aauuybx,Tidal Disruption Event
ZTF21aavuprt,Cataclysmic
ZTF21aavuqzr,SN IIn
ZTF21aawmdxw,SN Ib
ZTF21aawmtug,SN II
ZTF21aawmujq,SN IIb
ZTF21aawogdl,SN Ib
ZTF21aaxlhyl,SN II
ZTF21aaxseyd,SN II
ZTF21aaxtije,SN IIn
ZTF21aaxxmvs,SN IIb
ZTF21aaxxoei,SN II
ZTF21aaydxoo,SN IIn
ZTF21aayfnjz,SN II
ZTF21aaygchh,Cataclysmic
ZTF21aaygmrl,SN IIn
ZTF21aaygqkb,SN Ic
ZTF21aayqrgx,SN Ib
ZTF21aazqkeq,SN II
ZTF21ababatx,AGN
ZTF21ababpoq,SN IIb
ZTF21abahiow,SN Ib
ZTF21abbomrf,SN II
ZTF21abbvzrd,SN II
ZTF21abcbfsr,SN II
ZTF21abccaue,SN Ib
ZTF21abcixor,SN II
ZTF21abcjpnm,SN II
ZTF21abcmzvk,SN II
ZTF21abdahai,SN II
ZTF21abdiymf,Cataclysmic
ZTF21abduoun,SN II
ZTF21abezcph,Cataclysmic
ZTF21abezono,SN II
ZTF21abfionl,SN II
ZTF21abfiuqf,SN II
ZTF21abfjlxb,SN IIb
ZTF21abflhkz,SN II
ZTF21abfoyac,SN II
ZTF21abfrbsj,SN II
ZTF21abfxhrn,SN II
ZTF21abfxjkq,SN II
ZTF21abghumo,SN IIn
ZTF21abgywux,SN II
ZTF21abgyxmv,SN II
ZTF21abgzyvg,SN IIn
ZTF21abhhrpj,SN II
ZTF21abhrchb,Tidal Disruption Event
ZTF21abhyqlv,SN II
ZTF21abiblpl,SN II
ZTF21abieuta,SN Ib
ZTF21abimeun,SN Ib
ZTF21abimnii,SN Ib
ZTF21abiwpjm,SN IIn
ZTF21abjamta,SN II
ZTF21abjbukd,SN II
ZTF21abjvukz,SN IIn
ZTF21abjvwdj,SN II
ZTF21abjwtrk,SN IIb
ZTF21ablvzhp,SN II
ZTF21ablwehd,SN II
ZTF21abmemav,Cataclysmic
ZTF21abmwzxt,SN II
ZTF21abmxiuf,SN Ib
ZTF21abmxkcq,SN IIb
ZTF21abngbrl,SN Ib
ZTF21abnudtb,SN II
ZTF21abnuldi,SN IIb
ZTF21abouuat,SN II
ZTF21abouznj,SN II
ZTF21abplypq,SN II
ZTF21abpmlxu,SN IIn
ZTF21abptxfk,SN II
ZTF21abpuent,SN II
ZTF21abpyauz,SN II
ZTF21abqmrun,SN II
ZTF21abqtckk,Tidal Disruption Event
ZTF21abqvzjy,SN II
ZTF21abqxmpa,SN II
ZTF21abraccv,SN Ic
ZTF21abrfvax,SN Ic
ZTF21abrqrsz,SN Ib
ZTF21abrthyb,Cataclysmic
ZTF21absxxew,SN II
ZTF21abtcgdo,SN II
ZTF21abtcgoh,SN II
ZTF21abtorlk,SN IIn
ZTF21abtzlnh,SN II
ZTF21abujgmr,SN IIn
ZTF21abulpnc,SN IIn
ZTF21abuxitb,SN II
ZTF21abvcxid,SN II
ZTF21abvdikq,SN II
ZTF21abviabc,SN II
ZTF21abxgqil,SN II
ZTF21abxlmuw,SN IIn
ZTF21abxtfwo,SN IIn
ZTF21abyahbi,SN II
ZTF21abzciqh,SN II
ZTF21acadrzr,SN II
ZTF21acafqtj,SN II
ZTF21acagtdn,SN II
ZTF21acceboj,SN IIP
ZTF21accgsbf,SN IIn
ZTF21acchbmn,SN II
ZTF21acckcni,SN IIn
ZTF21accqros,SN II
ZTF21accwcrh,SN II
ZTF21accyxid,SN II
ZTF21acdcxaf,SN II
ZTF21acdezwk,SN II
ZTF21acdjqfq,Cataclysmic
ZTF21acdontl,SN II
ZTF21acdxhuv,SN Ib
ZTF21aceehxt,SN Ib
ZTF21aceqpgp,SN II
ZTF21acgmvhs,Cataclysmic
ZTF21acgqhru,SN II
ZTF21acgrlmz,SN II
ZTF21acguaen,SN II
ZTF21acgunkr,SN II
ZTF21acgyywa,SN II
ZTF21acheiti,SN II
ZTF21achgfbk,SN Ib
ZTF21achkqhi,SN II
ZTF21achlshg,SN II
ZTF21achltea,SN II
ZTF21achpuoa,SN II
ZTF21aciobmz,SN II
ZTF21acipvuz,SN II
ZTF21acissla,SN II
ZTF21acitbcw,SN Ic
ZTF21aciuhqw,SN Ic
ZTF21aciuriu,SN II
ZTF21acjateh,SN II
ZTF21acjbcqw,SN IIP
ZTF21acjglei,SN II
ZTF21acjjtmh,Cataclysmic
ZTF21acjmvhx,SN Ic
ZTF21acjoorl,SN Ic
ZTF21acjoskd,SN II
ZTF21acjxiqw,SN IIP
ZTF21acjxjpu,SN Ic
ZTF21aclmgzk,SN IIP
ZTF21acmrdga,SN IIb
ZTF21acozrga,SN II
ZTF21acpkdbe,SN IIb
ZTF21acpoujw,SN IIn
ZTF21acpuooz,SN II
ZTF21acpzlho,SN II
ZTF21acqxomi,SN IIP
ZTF21acrarbx,SN II
ZTF22aaabmmc,SN II
ZTF22aaabpqn,SN II
ZTF22aaacvyy,SN IIn
ZTF22aaacxkp,SN II
ZTF22aaaehtn,SN II
ZTF22aaaehzu,SN II
ZTF22aaaeilq,SN II
ZTF22aaaepck,SN II
ZTF22aaaepmm,SN II
ZTF22aaafbma,SN IIP
ZTF22aaafjir,SN II
ZTF22aaafrcl,SN II
ZTF22aaagrce,SN Ib
ZTF22aaagvdj,Cataclysmic
ZTF22aaahesb,SN II
ZTF22aaahhbo,SN II
ZTF22aaaiyzf,SN II
ZTF22aaaowlo,SN II
ZTF22aabnzsk,SN Ib
ZTF22aabxuxf,SN IIn
ZTF22aaddtiu,SN II
ZTF22aadnjsh,SN Ib
ZTF22aadoypp,SN II
ZTF22aaecdin,SN IIb
ZTF22aaedebi,SN II
ZTF22aaemoot,SN IIb
ZTF22aaetqzk,SN IIn
ZTF22aaevwec,SN II
ZTF22aafrjnw,SN IIb
ZTF22aagvxjc,SN IIn
ZTF22aagyuao,Tidal Disruption Event
ZTF22aahedwz,SN IIn
ZTF22aahgubb,SN II
ZTF22aahhrks,SN II
ZTF22aahibvx,SN II
ZTF22aahnkdv,SN II
ZTF22aahwmww,SN II
ZTF22aajcupz,SN IIn
ZTF22aajhlaj,SN II
ZTF22aajhyin,SN II
ZTF22aajivyw,SN II
ZTF22aajjawt,SN II
ZTF22aajjojx,SN IIn
ZTF22aajjqti,Cataclysmic
ZTF22aajowwt,SN II
ZTF22aajuufc,SN II
ZTF22aakpyqw,SN Ib
ZTF22aakzsrj,Cataclysmic
ZTF22aalfmec,SN Ic
ZTF22aalorla,SN II
ZTF22aamssbr,SN II
ZTF22aanesux,SN IIn
ZTF22aanyggd,SN II
ZTF22aapjrvz,SN II
ZTF22aapmawo,SN IIn
ZTF22aapqaqe,SN IIP
ZTF22aaqpwef,SN II
ZTF22aarbard,SN Ib
ZTF22aaslyzf,SN II
ZTF22aasoali,SN IIn
ZTF22aasojye,SN II
ZTF22aaspkif,SN II
ZTF22aasxgjp,SN Ic
ZTF22aattfmb,SN II
ZTF22aatunnt,SN Ib
ZTF22aavcvgd,SN II
ZTF22aavvqyh,Tidal Disruption Event
ZTF22aawptbl,SN II
ZTF22aaxgujq,SN II
ZTF22aaxtias,SN Ib
ZTF22aaygscd,SN II
ZTF22aazbxmi,SN IIn
ZTF22aazjiam,SN II
ZTF22ababhmy,SN II
ZTF22abajudi,Tidal Disruption Event
ZTF22abajyqm,SN IIn
ZTF22abbiwrr,SN II
ZTF22abbtzfm,SN II
ZTF22abegjtx,Tidal Disruption Event
ZTF22abepfmn,SN II
ZTF22abevczq,Cataclysmic
ZTF22abeyzcl,SN IIn
ZTF22abfnfud,SN IIn
ZTF22abfrkoh,SN Ic
ZTF22abfuwel,SN Ib
ZTF22abfwchw,SN II
ZTF22abfwign,SN II
ZTF22abfwxtr,SN II
ZTF22abfyqsc,SN Ib
ZTF22abgheca,SN IIP
ZTF22abgveih,SN II
ZTF22abizuah,SN IIn
ZTF22abjvyib,SN IIn
ZTF22ablnrcv,SN II
ZTF22abmxsoc,SN Ic
ZTF22abnfjsm,SN IIn
ZTF22abqseiq,SN IIn
ZTF22absibqa,SN Ib
ZTF22absmdsy,SN II
ZTF22absphuu,SN Ib
ZTF22absqhkw,SN II
ZTF22abtcphd,SN II
ZTF22abtcpig,SN IIn
ZTF22abtctzp,SN II
ZTF22abtcyhv,SN II
ZTF22abtspsw,SN II
ZTF22abtsttg,SN II
ZTF22abulusd,SN II
ZTF22abunrnh,SN II
ZTF22abyiisu,SN II
ZTF22abyivor,SN II
ZTF22abykdbm,SN IIP
ZTF22abyoczz,SN IIb
ZTF22abyoomc,SN II
ZTF22abyrvsz,SN II
ZTF22abysshb,SN II
ZTF22abyttje,SN II
ZTF22abytwjj,SN Ib
ZTF22abyuzmp,SN Ic
ZTF22abzdnij,SN Ic
ZTF22abzgbtq,SN IIn
ZTF22acahury,SN II
ZTF22acaipir,SN II
ZTF22acaipkl,SN II
ZTF22acaunur,SN II
ZTF23aaaahhb,SN II
ZTF23aaaatjn,SN II
ZTF23aaabzea,SN IIn
ZTF23aaaifls,SN II
ZTF23aaaigqy,SN II
ZTF23aaasblk,SN II
ZTF23aaawatw,SN II
ZTF23aaawbre,SN Ic
ZTF23aabplmy,SN IIn
ZTF23aabutcv,SN II
ZTF23aabutzu,SN II
ZTF23aabvcmb,SN IIn
ZTF23aacdlsh,SN II
ZTF23aacfkak,SN II
ZTF23aacgjgl,SN II
ZTF23aacjetk,SN II
ZTF23aackjhs,SN II
ZTF23aacxtsd,SN Ib
ZTF23aaczpkm,SN IIn
ZTF23aadbbxv,SN II
ZTF23aadbwtw,SN II
ZTF23aadcbay,Tidal Disruption Event
ZTF23aadcgak,SN II
ZTF23aadchqd,SN IIn
ZTF23aadcltm,SN II
ZTF23aadndfn,SN II
ZTF23aadtrzd,SN Ib
ZTF23aadtvmb,SN IIn
ZTF23aaedvtn,SN II
ZTF23aaeeugd,SN II
ZTF23aaemnzd,SN Ic
ZTF23aaflnok,SN II
ZTF23aafumlg,SN II
ZTF23aafwykt,SN Ic
ZTF23aagklwb,SN II
ZTF23aagkutf,SN II
ZTF23aahnmag,SN Ic
ZTF23aahqvtz,SN II
ZTF23aaihsvm,SN II
ZTF23aaikakr,Cataclysmic
ZTF23aailjjs,SN II
ZTF23aaisxic,SN II
ZTF23aaixdcm,SN II
ZTF23aaixruf,SN II
ZTF23aajbkan,SN II
ZTF23aajfdxf,SN Ib
ZTF23aajfere,SN Ic
ZTF23aajhosl,SN II
ZTF23aajjayv,Cataclysmic
ZTF23aajjzbm,SN IIn
ZTF23aajkfls,SN II
ZTF23aajkisd,SN IIn
ZTF23aajkjxm,SN II
ZTF23aajucmw,SN II
ZTF23aalgqsq,SN IIn
ZTF23aalwuua,SN II
ZTF23aamfqxc,SN II
ZTF23aamqycj,SN II
ZTF23aamsarj,SN II
ZTF23aamskdj,SN II
ZTF23aamzljd,SN Ic
ZTF23aanexof,SN II
ZTF23aansdlc,SN IIn
ZTF23aanxrjm,SN II
ZTF23aanzmoz,SN II
ZTF23aaohfxx,SN II
ZTF23aaoihto,SN II
ZTF23aaomkar,SN II
ZTF23aaozatq,SN II
ZTF23aapbrrq,SN Ib
ZTF23aapcllu,SN II
ZTF23aapgckf,SN II
ZTF23aaphnyz,SN II
ZTF23aapuknd,SN II
ZTF23aapvuyy,SN II
ZTF23aapyidj,Tidal Disruption Event
ZTF23aaqknaw,SN II
ZTF23aaqmxxo,SN II
ZTF23aaquhaz,SN II
ZTF23aaquolj,SN IIn
ZTF23aasocjj,SN II
ZTF23aasrcyv,SN II
ZTF23aasyrup,SN II
ZTF23aasyvbf,SN II
ZTF23aatdcey,SN II
ZTF23aausgkl,SN II
ZTF23aauzfbi,SN II
ZTF23aavmthe,SN IIn
ZTF23aawgcgu,SN II
ZTF23aawgkqa,SN II
ZTF23aawrcrb,SN II
ZTF23aawyiyk,SN II
ZTF23aaxadel,SN II
ZTF23aaxcriv,SN II
ZTF23aaxdfya,SN II
ZTF23aaxufrf,SN IIb
ZTF23aazltms,SN II
ZTF23abaebbd,SN II
ZTF23abaeenk,SN II
ZTF23abahmkx,SN II
ZTF23abascqa,SN II
ZTF23abawdgm,SN II
ZTF23abaxlrz,SN Ic
ZTF23abaxtlq,SN II
ZTF23abbcycg,SN II
ZTF23abbdbsh,SN II
ZTF23abbejvg,SN II
ZTF23abbpswf,SN Ib
ZTF23abbtkrv,SN II
ZTF23abbzdoj,SN II
ZTF23abbzhug,SN II
ZTF23abccimv,SN II
ZTF23abccwbx,SN II
ZTF23abcdorg,SN IIP
ZTF23abcglga,SN Ic
ZTF23abcvbqq,Tidal Disruption Event
ZTF23abdgswy,SN II
ZTF23abdshvl,SN Ic
ZTF23abecphw,SN II
ZTF23abefecu,SN II
ZTF23abfvoig,SN IIb
ZTF23abgnvsh,SN II
ZTF23abgyyvj,SN II
ZTF23abhyroo,SN II
ZTF23abhyssf,SN II
ZTF23abhzfww,SN II
ZTF23abjhwem,SN IIn
ZTF23abjikaf,SN IIn
ZTF23abjrdem,SN IIP
ZTF23abjrolf,SN II
ZTF23abjstcg,SN II
ZTF23abjzcde,SN II
ZTF23abkhwgb,SN IIn
ZTF23abkixdb,Tidal Disruption Event
ZTF23abkixfb,SN II
ZTF23abkornc,SN II
ZTF23abmoxlu,SN II
ZTF23abndgbw,SN II
ZTF23abnogui,SN IIP
ZTF23abnsriv,Cataclysmic
ZTF23abolyrl,SN II
ZTF23abomtge,SN IIn
ZTF23abomtjc,SN Ic
ZTF23abpbuha,SN II
ZTF23abphqjk,SN II
ZTF23abqkppm,SN IIP
ZTF23abrydus,SN IIn
ZTF23abrzfge,SN II
ZTF23abrzxeb,SN II
ZTF23abscvhv,SN II
ZTF23absdcgi,SN II
ZTF23abseqoa,SN II
ZTF23absfszz,SN II
ZTF23abshiqq,SN II
ZTF23absjgou,SN II
ZTF23absjgsh,SN Ib
ZTF23absjgxb,SN IIP
ZTF23absjheu,SN IIP
ZTF23absscow,SN II
ZTF23abswflc,SN Ib
ZTF23abtjrbz,SN Ic
ZTF23abvgvab,SN II
ZTF23abvnmam,SN II
ZTF23abvommm,SN II
ZTF23abvrjdu,SN II
ZTF24aaaibep,SN II
ZTF24aaaieeg,SN II
ZTF24aabpojp,SN II
ZTF24aabqfbn,SN II
ZTF24aabsmvc,SN II
ZTF24aacaosi,SN Ib
ZTF24aacxzca,SN II
ZTF24aaczgax,SN II
ZTF24aaejvcx,SN II
ZTF24aaejwvu,SN IIn
ZTF24aaekaby,SN IIP
ZTF24aaekccp,SN II
ZTF24aaekclg,SN II
ZTF24aaemydm,SN II
ZTF24aaerzgo,SN II
ZTF24aagkuss,SN II
ZTF24aagvvun,SN II
ZTF24aahhanf,SN II
ZTF24aahmyct,SN II
ZTF24aahnefg,SN II
ZTF24aahsmkt,SN II
ZTF24aahwcei,SN II
ZTF24aahxgoa,SN II
ZTF24aahxokj,SN II
ZTF24aaifila,SN IIn
ZTF24aaijsxa,SN II
ZTF24aaikwul,SN II
ZTF24aaisnlp,SN IIn
ZTF24aajhotx,SN II
ZTF24aajxppf,SN II
ZTF24aajzrsq,SN IIn
ZTF24aakaiqs,SN Ib
ZTF24aakghyl,SN II
ZTF24aaknlar,SN IIb
ZTF24aanbjel,SN II
ZTF24aankvcy,SN IIb
ZTF24aanngpp,SN II
ZTF24aaoosca,SN IIb
ZTF24aaooxcd,SN II
ZTF24aaotzpd,SN II
ZTF24aaoyfpn,SN IIb
ZTF24aaozxhx,SN IIP
ZTF24aaplfjd,SN II
ZTF24aaplfkj,SN II
ZTF24aaqiqpw,SN II
ZTF24aaqugzv,SN IIb
ZTF24aaqzkpr,SN II
ZTF24aarlcuo,SN Ib
ZTF24aarvbxj,SN II
ZTF24aarygdq,SN II
ZTF24aasigoj,SN IIn
ZTF24aasktmr,SN II
ZTF24aaskxai,SN II
ZTF24aasqcng,SN II
ZTF24aasvdze,SN II
ZTF24aataxft,SN II
ZTF24aatjphv,SN IIn
ZTF24aatlsjq,SN IIb
ZTF24aatsmxc,SN II
ZTF24aatytqv,SN IIb
ZTF24aatzgha,SN II
ZTF24aaugxzp,SN II
ZTF24aaumfvx,SN II
ZTF24aaunxxm,SN II
ZTF24aavhseb,SN II
ZTF24aawakwl,SN II
ZTF24aawjwxx,SN Ic
ZTF24aawklme,SN IIb
ZTF24aawpwhq,SN II
ZTF24aawrszo,SN IIb
ZTF24aawtoiv,SN Ic
ZTF24aaxyrrd,SN II
ZTF24aaybafr,SN II
ZTF24aayimjt,SN Ic
ZTF24aayncet,SN II
ZTF24aayxdbn,SN II
ZTF24aazjdml,SN II
ZTF24aazmqbf,SN Ic
ZTF24abbcrsy,SN II
ZTF24abbenwl,SN II
ZTF19aanwsuq,AGN
ZTF19adavnfh,AGN
ZTF18acrygbu,AGN
ZTF18abgvdtw,AGN
ZTF20aaedeft,AGN
ZTF18aakebod,AGN
ZTF20aavniki,AGN
ZTF18aajbvyg,AGN
ZTF18aajlxao,AGN
ZTF18abmwqkr,AGN
ZTF19aadzgnt,AGN
ZTF19aafmwcu,AGN
ZTF19abafrvy,SN Ia
ZTF22abaette,SN Ia
ZTF19aatvvvu,SN Ia
ZTF19abymhad,SN Ia
ZTF21aawyyha,SN Ia
ZTF21abzxkyv,SN Ia
ZTF21abephjt,SN Ia
ZTF22aauggpa,SN Ia
ZTF19aapocyd,SN Ia
ZTF18acbwppb,SN Ia
ZTF19aaphntn,SN Ia
ZTF22abelwtb,SN Ia
ZTF20acyvbhj,SN Ia
ZTF20aapadwx,SN Ia
ZTF18acbufud,SN Ia
ZTF20acphdbu,SN Ia
ZTF22abuqitl,SN Ia
ZTF18acbzpxx,SN Ia
ZTF21ackwgzm,SN Ia
ZTF22abppdqh,SN Ia
ZTF20acplhku,SN Ia
ZTF19aaraxhh,SN Ia
ZTF22abobobs,SN Ia
ZTF21abtaxou,SN Ia
ZTF20aakfofq,SN Ia
ZTF18aarlukc,SN Ia
ZTF22abyokle,SN Ia
ZTF22aaojcoc,SN Ia
ZTF23abvoqio,SN Ia
ZTF19acxyumq,SN Ia
ZTF19aaupkev,SN Ia
ZTF22absxaxv,SN Ia
ZTF22aamfjun,SN Ia
ZTF21aacscvb,SN Ia
ZTF20aanafwi,SN Ia
ZTF19aclhohd,SN Ia
ZTF23aakidwn,SN Ia
ZTF22aatnyqk,SN Ia
ZTF19abfvovo,SN Ia
ZTF22abecbbd,SN Ia
ZTF23aaabcgx,SN Ia
ZTF22abaxqlk,SN Ia
ZTF23aavolri,SN Ia
ZTF23aahxdhe,SN Ia
ZTF20aatuqps,SN Ia
ZTF18abwerpm,SN Ia
ZTF22abfspdz,SN Ia
ZTF19acxozhr,SN Ia
ZTF23aagdamr,SN Ia
ZTF20abnlsww,SN Ia
ZTF20acxbbaj,SN Ia
ZTF22aasyitj,SN Ia
ZTF24aadracm,SN Ia
ZTF21aarrwdu,SN Ia
ZTF20abvycvf,SN Ia
ZTF18abrcvbu,SN Ia
ZTF20aammgop,SN Ia
ZTF21acpocmd,SN Ia
ZTF21abrotmc,SN Ia
ZTF19aasszud,SN Ia
ZTF21aagofpx,SN Ia
ZTF21abmwghp,SN Ia
ZTF19abhemuy,SN Ia
ZTF18aaxeoqk,SN Ia
ZTF21acpeirg,SN Ia
ZTF23abqcuvw,SN Ia
ZTF20acrcewc,SN Ia
ZTF20abgbwmt,SN Ia
ZTF22abbrxbz,SN Ia
ZTF23aadvxih,SN Ia
ZTF23aaiyexs,SN Ia
ZTF21acbxtqq,SN Ia
ZTF20acuoxrx,SN Ia
ZTF20aaifyrs,SN Ia
ZTF24abbrcrq,SN Ia
ZTF18aaxmixe,SN Ia
ZTF20abmectx,SN Ia
ZTF19aadnmgf,SN Ia
ZTF18accrorf,SN Ia
ZTF24aavghxs,SN Ia
ZTF22abulmbx,SN Ia
ZTF23aailodz,SN Ia
ZTF19acgjuua,SN Ia
ZTF24aaismud,SN Ia
ZTF21abcxswe,SN Ia
ZTF20abbbumr,SN Ia
ZTF20aagloch,SN Ia
ZTF21acigjrl,SN Ia
ZTF18acpefgk,SN Ia
ZTF19abtuigb,SN Ia
ZTF22abnlwjv,SN Ia
ZTF21achhwdz,SN Ia
ZTF24abbdtfp,SN Ia
ZTF21acclizu,SN Ia
ZTF21aaxstzy,SN Ia
ZTF21absbujl,SN Ia
ZTF22abiyeae,SN Ia
ZTF19acbvnaw,SN Ia
ZTF22abxlqvc,SN Ia
ZTF21acqwbsn,SN Ia
ZTF22aahwlcv,SN Ia
ZTF22abqwahz,SN Ia
ZTF20acvejem,SN Ia
ZTF22abtdarf,SN Ia
ZTF21aarhzdh,SN Ia
ZTF21abcgufz,SN Ia
ZTF18aajjhkq,SN Ia
ZTF23aacafsp,SN Ia
ZTF21abdlvxh,SN Ia
ZTF20aaifkyj,SN Ia
ZTF21abdpgua,SN Ia
ZTF19abzsitm,SN Ia
ZTF19acgqjln,SN Ia
ZTF23aarxtku,SN Ia
ZTF19aaynskj,SN Ia
ZTF21acefcnp,SN Ia
ZTF19aarstfg,SN Ia
ZTF19acmgyka,SN Ia
ZTF21acirmcv,SN Ia
ZTF22abibgsa,SN Ia
ZTF20abavnaw,SN Ia
ZTF24aaaeisk,SN Ia
ZTF21acjurqj,SN Ia
ZTF24aaxadom,SN Ia
ZTF21abzgzvs,SN Ia
ZTF20acwpaov,SN Ia
ZTF23abiixsk,SN Ia
ZTF19acrcupt,SN Ia
ZTF23aagmbuf,SN Ia
ZTF22aadeqoe,SN Ia
ZTF21abcympb,SN Ia
ZTF22ablpkba,SN Ia
ZTF19abkgbul,SN Ia
ZTF22aabqtrq,SN Ia
ZTF22aausixa,SN Ia
ZTF22aalsabr,SN Ia
ZTF19aayshvd,SN Ia
ZTF22aatuxjc,SN Ia
ZTF23abetodb,SN Ia
ZTF21aaqhwgh,SN Ia
ZTF19abaejrh,SN Ia
ZTF23aapfrwv,SN Ia
ZTF22aaovsee,SN Ia
ZTF19abopyyu,SN Ia
ZTF20abeldyn,SN Ia
ZTF19aathcvn,SN Ia
ZTF24aaknuqh,SN Ia
ZTF22abemaki,SN Ia
ZTF21acprymk,SN Ia
ZTF22abehuah,SN Ia
ZTF19aalzmiu,SN Ia
ZTF18aauworo,SN Ia
ZTF24aakrsww,SN Ia
ZTF21abvpdjh,SN Ia
ZTF23aavugjj,SN Ia
ZTF19abowcic,SN Ia
ZTF19aaripqw,SN Ia
ZTF22aaspijs,SN Ia
ZTF24aaijpcp,SN Ia
ZTF23aaemepn,SN Ia
ZTF22abfunyc,SN Ia
ZTF20aaqtebg,SN Ia
ZTF23aaetxqb,SN Ia
ZTF20abhjghg,SN Ia
ZTF18acsycnc,SN Ia
ZTF18abjvzxx,SN Ia
ZTF23abgjggv,SN Ia
ZTF24aahzfwk,SN Ia
ZTF19aasmkhn,SN Ia
ZTF21abjzkjf,SN Ia
ZTF18abfbbyh,SN Ia
ZTF21acudpir,SN Ia
ZTF19aanejfr,SN Ia
ZTF18abzpbpi,SN Ia
ZTF20acgpqqr,SN Ia
ZTF21aahvuvi,SN Ia
ZTF22abtdzyw,SN Ia
ZTF20acudkao,SN Ia
ZTF23aapzsik,SN Ia
ZTF22aahndul,SN Ia
ZTF20acwmpsj,SN Ia
ZTF18aazhwnh,SN Ia
ZTF24aalqrpc,SN Ia
ZTF22aankxcq,SN Ia
ZTF21acpompz,SN Ia
ZTF20aadvunl,SN Ia
ZTF22abaseoc,SN Ia
ZTF20aavtdxj,SN Ia
ZTF20abkloyg,SN Ia
ZTF19acbmwtc,SN Ia
ZTF19accobqx,SN Ia
ZTF19abwnpus,SN Ia
ZTF18acmznfc,SN Ia
ZTF20actljfs,SN Ia
ZTF18abpaywm,SN Ia
ZTF19aaxibpz,SN Ia
ZTF21aaydfro,SN Ia
ZTF19aavsyhq,SN Ia
ZTF19abmpoxa,SN Ia
ZTF18acrfklz,SN Ia
ZTF19acbpnii,SN Ia
ZTF18aaslhxt,SN Ia
ZTF20acqlfwb,SN Ia
ZTF20abjkvyt,SN Ia
ZTF22aaslyzj,SN Ia
ZTF23aalfofn,SN Ia
ZTF23aabtgej,SN Ia
ZTF19acjwqvo,SN Ia
ZTF22abmicob,SN Ia
ZTF21acouzjv,SN Ia
ZTF23aamwiqd,SN Ia
ZTF23aanxepa,SN Ia
ZTF23aavmycb,SN Ia
ZTF19acxyfkf,SN Ia
ZTF19actaiag,SN Ia
ZTF18abotdef,SN Ia
ZTF22aalmqrv,SN Ia
ZTF18aceynvm,SN Ia
ZTF18aavrmlf,SN Ia
ZTF21acjrfhr,SN Ia
ZTF21acljfzt,SN Ia
ZTF20abmubmh,SN Ia
ZTF22aaypvib,SN Ia
ZTF21aaazieb,SN Ia
ZTF24aaadhuo,SN Ia
ZTF20acqntkr,SN Ia
ZTF21aagqcfs,SN Ia
ZTF22aavqlzi,SN Ia
ZTF18abjgyyr,SN Ia
ZTF19aawmqtd,SN Ia
ZTF20achtpbn,SN Ia
ZTF20aaetvkh,SN Ia
ZTF22aaqrszt,SN Ia
ZTF21aciuhyy,SN Ia
ZTF18aaemivw,SN Ia
ZTF18acbvgqw,SN Ia
ZTF18abdnffn,SN Ia
ZTF20acehyxd,SN Ia
ZTF22abfyrxh,SN Ia
ZTF23abrzrcq,SN Ia
ZTF19abhibzk,SN Ia
ZTF23aauzxfh,SN Ia
ZTF20aalrptc,SN Ia
ZTF19acyogvo,SN Ia
ZTF23aabfyfn,SN Ia
ZTF22abpusrt,SN Ia
ZTF23abvzhwa,SN Ia
ZTF19aavweum,SN Ia
ZTF19abpnrqa,SN Ia
ZTF20abzetdf,SN Ia
ZTF19abhpvfq,SN Ia
ZTF22aajhkvu,SN Ia
ZTF19acsbxgw,SN Ia
ZTF21abrylwg,SN Ia
ZTF20aammnnm,SN Ia
ZTF21abfmuun,SN Ia
ZTF22aaaxjln,SN Ia
ZTF21abfjgwr,SN Ia
ZTF21abbwbja,SN Ia
ZTF19abyigib,SN Ia
ZTF23aapnnuq,SN Ia
ZTF19ackjlrd,SN Ia
ZTF18aamvfeb,SN Ia
ZTF20aawcjrx,SN Ia
ZTF21abzbuvf,SN Ia
ZTF21aamttit,SN Ia
ZTF19acjdwqv,SN Ia
ZTF20abelnha,SN Ia
ZTF18aayjvve,SN Ia
ZTF22abwlapx,SN Ia
ZTF20acwphqb,SN Ia
ZTF20ablkswc,SN Ia
ZTF19abujuex,SN Ia
ZTF24aatzgua,SN Ia
ZTF23aaebopi,SN Ia
ZTF21aafdxca,SN Ia
ZTF22aaskqqq,SN Ia
ZTF24aacyttg,SN Ia
ZTF21aagyrvh,SN Ia
ZTF19aazgpar,SN Ia
ZTF23abjbkau,SN Ia
ZTF20abpyplw,SN Ia
ZTF24aankvon,SN Ia
ZTF19ackjsys,SN Ia
ZTF18aadlaxo,SN Ia
ZTF21abhqqwq,SN Ia
ZTF19aauvjws,SN Ia
ZTF23abbimnx,SN Ia
ZTF20abqnztv,SN Ia
ZTF22aalxmtp,SN Ia
ZTF20aammbrw,SN Ia
ZTF19acjuomg,SN Ia
ZTF18acbujhw,SN Ia
ZTF20achawym,SN Ia
ZTF21achptrd,SN Ia
ZTF18abcdzyc,SN Ia
ZTF19aapeime,SN Ia
ZTF18absyyig,SN Ia
ZTF21aapfime,SN Ia
ZTF19aauhwbp,SN Ia
ZTF18aawmeiw,SN Ia
ZTF20abjlaim,SN Ia
ZTF21abjtqyq,SN Ia
ZTF18acrtykk,SN Ia
ZTF21aaxuywf,SN Ia
ZTF18aavryhc,SN Ia
ZTF20abbihor,SN Ia
ZTF22aakquvw,SN Ia
ZTF23aalzwdn,SN Ia
ZTF22abueufz,SN Ia
ZTF18accjqzu,SN Ia
ZTF21aabxztv,SN Ia
ZTF22abzaiuz,SN Ia
ZTF23abryfga,SN Ia
ZTF18aaovbiy,SN Ia
ZTF23abavrya,SN Ia
ZTF20abtsecq,SN Ia
ZTF23aahnabd,SN Ia
ZTF18abmoung,SN Ia
ZTF18abupgps,SN Ia
ZTF22aaaivxh,SN Ia
ZTF21abxniow,SN Ia
ZTF23aaqqfks,SN Ia
ZTF20ablqbvc,SN Ia
ZTF21absbrag,SN Ia
ZTF21aaupkow,SN Ia
ZTF19aaksrgj,SN Ia
ZTF22aazprmk,SN Ia
ZTF18aatwqed,SN Ia
ZTF22abfviis,SN Ia
ZTF21aakvhtz,SN Ia
ZTF22aakmhas,SN Ia
ZTF20achncxi,SN Ia
ZTF22abtctvo,SN Ia
ZTF20abffaxl,SN Ia
ZTF20abmxstg,SN Ia
ZTF23aabtarg,SN Ia
ZTF18absgnio,SN Ia
ZTF23aapiyqi,SN Ia
ZTF23abvdonl,SN Ia
ZTF19acfthre,SN Ia
ZTF23aazrbus,SN Ia
ZTF20abpsbyg,SN Ia
ZTF20actskcf,SN Ia
ZTF20abefbnz,SN Ia
ZTF18acuixmb,SN Ia
ZTF23aarvrvd,SN Ia
ZTF19aalzmio,SN Ia
ZTF23aamsddm,SN Ia
ZTF21aavheiv,SN Ia
ZTF20acgpngg,SN Ia
ZTF20acbttnt,SN Ia
ZTF24aaswnkx,SN Ia
ZTF18aboztku,SN Ia
ZTF24aafnwpr,SN Ia
ZTF20acoyvdg,SN Ia
ZTF18abdbuty,SN Ia
ZTF18aatrtkc,SN Ia
ZTF21abvajfr,SN Ia
ZTF19acyflhv,SN Ia
ZTF20achwpvs,SN Ia
ZTF19aarifvr,SN Ia
ZTF18aamxads,SN Ia
ZTF19abfjjlk,SN Ia
ZTF18acbwlpj,SN Ia
ZTF19aakxwqu,SN Ia
ZTF20aabqjht,SN Ia
ZTF21abtxxjk,SN Ia
ZTF19acsfpmi,SN Ia
ZTF21ackbbfs,SN Ia
ZTF19aaxptsd,SN Ia
ZTF19abhhocz,SN Ia
ZTF24aahswbd,SN Ia
ZTF21abqftqr,SN Ia
ZTF21abwqopp,SN Ia
ZTF23abhvlji,SN Ia
ZTF22aadkocy,SN Ia
ZTF23abtowce,SN Ia
ZTF20achatyv,SN Ia
ZTF21abkkwie,SN Ia
ZTF20acoyyly,SN Ia
ZTF21aatkdcw,SN Ia
ZTF23abbdoqg,SN Ia
ZTF20aaxicpu,SN Ia
ZTF18abxhsyn,SN Ia
ZTF18aajkrxi,SN Ia
ZTF19acygjgx,SN Ia
ZTF20acowpur,SN Ia
ZTF18acrncou,SN Ia
ZTF18aaxavsk,SN Ia
ZTF21aamgrtx,SN Ia
ZTF21abukwfl,SN Ia
ZTF22aalwbqe,SN Ia
ZTF22acaeaok,SN Ia
ZTF18abifioh,SN Ia
ZTF19acapeun,SN Ia
ZTF23abauhvi,SN Ia
ZTF18abfdupq,SN Ia
ZTF23aarqyio,SN Ia
ZTF23abaderr,SN Ia
ZTF22aasmgbb,SN Ia
ZTF22aazgaus,SN Ia
ZTF23abgspzj,SN Ia
ZTF22abbbwtl,SN Ia
ZTF18acbxsge,SN Ia
ZTF22aamrhna,SN Ia
ZTF18abdfydj,SN Ia
ZTF22aaafmzj,SN Ia
ZTF19aamqlyl,SN Ia
ZTF19abidfsb,SN Ia
ZTF20aazquhc,SN Ia
ZTF23aadjwkw,SN Ia
ZTF23abovvas,SN Ia
ZTF22aaeaktc,SN Ia
ZTF23abuitpw,SN Ia
ZTF21aagoliy,SN Ia
ZTF24aavpxsr,SN Ia
ZTF23abbekte,SN Ia
ZTF20aazhtvi,SN Ia
ZTF18abshmro,SN Ia
ZTF18aavuzhe,SN Ia
ZTF21ablwfcp,SN Ia
ZTF20abnofwd,SN Ia
ZTF22aaboeex,SN Ia
ZTF18aanxlcr,SN Ia
ZTF19acekkts,SN Ia
ZTF22absphlp,SN Ia
ZTF24aagssbr,SN Ia
ZTF22abfutmm,SN Ia
ZTF20abajdvf,SN Ia
ZTF22absdier,SN Ia
ZTF18abtmtfy,SN Ia
ZTF20aaxxepr,SN Ia
ZTF18abcryxz,SN Ia
ZTF23aavshwi,SN Ia
ZTF18abjyime,SN Ia
ZTF19acmvrsw,SN Ia
ZTF21aavuprl,SN Ia
ZTF21aanxiax,SN Ia
ZTF18acrnfww,SN Ia
ZTF23abjfuhi,SN Ia
ZTF18aaxxewy,SN Ia
ZTF18abltdkd,SN Ia
ZTF22aajpzwm,SN Ia
ZTF19aahuian,SN Ia
ZTF18acusbyf,SN Ia
ZTF24aayjrde,SN Ia
ZTF19aanhgqg,SN Ia
ZTF23aakaqht,SN Ia
ZTF21acjcrzd,SN Ia
ZTF20aahtral,SN Ia
ZTF23aabtjdm,SN Ia
ZTF19acjurot,SN Ia
ZTF22abxkfjy,SN Ia
ZTF19acgbzam,SN Ia
ZTF22aarrbne,SN Ia
ZTF24aaifvcs,SN Ia
ZTF21aasbjgq,SN Ia
ZTF20aasitrr,SN Ia
ZTF21abwurky,SN Ia
ZTF19acbqzvu,SN Ia
ZTF20abfklsy,SN Ia
ZTF19abxjimu,SN Ia
ZTF21aarmkuj,SN Ia
ZTF23abbteqg,SN Ia
ZTF24aathzox,SN Ia
ZTF18abkhcwl,SN Ia
ZTF21abdvcaf,SN Ia
ZTF23abdefkq,SN Ia
ZTF21aciqcge,SN Ia
ZTF19acbvrhb,SN Ia
ZTF23aaeyncp,SN Ia
ZTF22aaoidkm,SN Ia
ZTF20aattotq,SN Ia
ZTF20aattqcv,SN Ia
ZTF21aaxwytv,SN Ia
ZTF19abzrjrg,SN Ia
ZTF20aauzoca,SN Ia
ZTF18acusueb,SN Ia
ZTF23ablpfnb,SN Ia
ZTF18abjtgdo,SN Ia
ZTF21aagoeny,SN Ia
ZTF19aayjqpa,SN Ia
ZTF21acjgqjl,SN Ia
ZTF20acgsvwb,SN Ia
ZTF20abmxovj,SN Ia
ZTF22abfynid,SN Ia
ZTF18acbxmvy,SN Ia
ZTF21abvbhul,SN Ia
ZTF23aanqwir,SN Ia
ZTF19abjgdko,SN Ia
ZTF20acrqeje,SN Ia
ZTF20abrnvwf,SN Ia
ZTF22abdxbyh,SN Ia
ZTF19abnkrcd,SN Ia
ZTF23abaxkvy,SN Ia
ZTF22aakzred,SN Ia
ZTF20abawtpy,SN Ia
ZTF19aaoaaap,SN Ia
ZTF19abeloei,SN Ia
ZTF21acdwvwo,SN Ia
ZTF18abwclem,SN Ia
ZTF20aauxgjf,SN Ia
ZTF19aahsgka,SN Ia
ZTF19ackjvjr,SN Ia
ZTF22aaucozn,SN Ia
ZTF23abiearq,SN Ia
ZTF20aclnsts,SN Ia
ZTF24aamdfll,SN Ia
ZTF23aaaehem,SN Ia
ZTF19abkdrir,SN Ia
ZTF23abgtmzs,SN Ia
ZTF19acmywjc,SN Ia
ZTF19aamtwwv,SN Ia
ZTF19abtulak,SN Ia
ZTF20acynllu,SN Ia
ZTF19aawyepw,SN Ia
ZTF20aafjjqj,SN Ia
ZTF21aaabtyq,SN Ia
ZTF18ablqkud,SN Ia
ZTF21aaabwzx,SN Ia
ZTF19aajwdqt,SN Ia
ZTF19acexijn,SN Ia
